<?xml version="1.0" encoding="UTF-8"?>
<!DOCTYPE mapper
PUBLIC "-//mybatis.org//DTD Mapper 3.0//EN"
"http://mybatis.org/dtd/mybatis-3-mapper.dtd">

<mapper namespace="com.smhrd.model.WorkspaceVO">

	<!-- 워크스페이스 추가 -->
	<insert id="WSupload" parameterType="com.smhrd.model.WorkspaceVO">
		insert into T_WORKSPACE values (
		workspace_num.nextval, #{work_name}, #{work_status}, #{work_s_dt}, #{work_e_dt}, #{work_requester}, #{work_wrt}, #{work_project}, #{work_text})
		<!-- 순번,             워크스페이스 이름 , 워크스페이스 상태  , 시작 날짜   , 마감 날짜  ,  작업 요청자   , 워크 작성자  ,  소속 프로젝트     ,  워크 내용  -->
	</insert>
	
	
	<!-- 워크스페이스 조회 -->
	<select id="showWorkspace_1" resultType="com.smhrd.model.WorkspaceVO" parameterType="String">
		<!-- select해서 나온 데이터는 com.smhrd.com.smhrd.model.WorkspaceVO에 저장된다 -->
		select * from T_WORKSPACE where work_wrt=#{id} and work_status='계획중'
	</select>
		<!-- 이 구문은 select * from T_WORKSPACE where work_wrt=? and work_status= '계획중'; 와 같다 -->
	
	<select id="showWorkspace_2" resultType="com.smhrd.model.WorkspaceVO" parameterType="String">
		select * from T_WORKSPACE where work_wrt=#{id} and work_status= '진행중'
	</select>
	
	<select id="showWorkspace_3" resultType="com.smhrd.model.WorkspaceVO" parameterType="String">
		select * from T_WORKSPACE where work_wrt=#{id} and work_status= '완료'
	</select>
	
</mapper>